Month (month),State (state_name),State Code (state_code),District (district_name),District Code (district_code),Total Rice Allocated (total_rice_allocated),Total Wheat Allocated (total_wheat_allocated),Total Rice Distributed (total_rice_distributed),Total Wheat Distritibuted (total_wheat_distributed)
"2019-03-01","Maharashtra","27","Pune","490","14752.37","22020.04","7063.01","10578.46"
"2020-07-01","Odisha","21","Cuttack","350","7211.43","2553.01","7200.06","2549.06"
"2017-12-01","Madhya Pradesh","23","Guna","406","949.63","4181.15","655.16","2821.86"
"2020-07-01","Maharashtra","27","Buldana","472","3990.65","5823.88","3806.86","5559.92"
"2019-03-01","Tamil Nadu","33","Ramanathapuram","583","4964.87","140.05","4346.32","114.97"
"2017-10-01","Tamil Nadu","33","Cuddalore","570","27117.66","865.19","8623.6","221.12"
"2020-04-01","Jammu And Kashmir","1","Srinagar","13","3094.27","0.0","2971.98","0.0"
"2020-02-01","Jammu And Kashmir","1","Ganderbal","626","1686.64","0.0","922.91","5.44"
"2019-03-01","Jammu And Kashmir","1","Rajauri","12","2667.85","1824.06","1358.22","858.63"
"2019-08-01","Nagaland","13","Kohima","245","738.62","0.0","738.62","0.0"
"2020-09-01","Arunachal Pradesh","12","Papum Pare","237","540.64","0.0","1112.03","0.0"
"2019-08-01","Uttarakhand","5","Dehradun","49","6557.7","4019.22","3429.29","2101.03"
"2020-10-01","Assam","18","Nagaon","297","12097.08","695.0","12097.08","695.0"
"2018-03-01","Assam","18","Cachar","282","7445.92","0.0","7445.92","0.0"
"2017-12-01","Uttar Pradesh","9","Bulandshahr","134","5428.32","8076.48","0.0","0.0"
"2017-10-01","Chhattisgarh","22","Bastar","374","3423.13","0.0","3309.1","0.0"
"2019-09-01","Jammu And Kashmir","1","Shopian","625","894.95","0.0","894.33","0.0"
"2019-06-01","Gujarat","24","Kheda","450","2211.08","5216.79","2096.13","4946.25"
"2019-07-01","Uttarakhand","5","Pithoragarh","53","2153.18","1319.68","1186.89","838.15"
"2021-09-01","Karnataka","29","Udupi","549","3965.01","0.0","3863.44","0.0"
"2019-09-01","Haryana","6","Charki Dadri","701","0.0","959.69","0.0","928.36"
"2021-09-01","Tamil Nadu","33","Ramanathapuram","583","4680.0","522.0","3853.6","333.91"
"2019-11-01","Uttar Pradesh","9","Pratapgarh","174","5515.58","66225.13","4888.41","7158.95"
"2020-08-01","Tripura","16","Sepahijala","653","1822.57","0.0","1790.57","0.0"
"2020-06-01","Himachal Pradesh","2","Sirmaur","24","438.0","623.0","536.83","644.27"
"2017-09-01","Tamil Nadu","33","Coimbatore","569","26.15","2.2","0.0","0.0"
"2017-08-01","Karnataka","29","Gadag","537","5.18","0.0","3.77","0.0"
"2019-08-01","Uttar Pradesh","9","Rae Bareli","175","5091.17","7381.97","4880.8","7068.59"
"2018-09-01","Himachal Pradesh","2","Una","26","522.0","736.0","474.01","707.54"
"2018-06-01","Jammu And Kashmir","1","Bandipore","623","2356.07","157.81","1123.72","121.35"
"2020-06-01","Tamil Nadu","33","Pudukkottai","582","7314.56","157.93","6836.41","148.54"
"2019-01-01","Bihar","10","Jehanabad","199","2588.38","1725.58","2588.38","1725.58"
"2020-01-01","Jammu And Kashmir","1","Pulwama","11","3766.4","0.0","1749.75","0.0"
"2020-05-01","Assam","18","Kokrajhar","294","4265.21","264.0","14246.0","342.0"
"2019-07-01","Telangana","36","Warangal_Rural","522","2608.47","0.0","2173.28","0.0"
"2021-11-01","Rajasthan","8","Bharatpur","91","0.0","4195.99","0.0","4111.96"
"2019-07-01","Karnataka","29","Chitradurga","533","16993.02","0.0","6780.81","0.0"
"2017-10-01","Madhya Pradesh","23","Chhindwara","399","0.0","7041.41","0.0","3900.88"
"2019-12-01","Uttarakhand","5","Dehradun","49","6538.04","4007.17","3572.0","1831.22"
"2019-07-01","Jammu And Kashmir","1","Anantnag","1","3314.01","0.0","3000.36","0.0"
"2018-09-01","Arunachal Pradesh","12","East Siang","232","250.01","0.0","250.01","0.0"
"2020-04-01","Assam","18","Marigaon","296","4276.63","160.0","4276.63","160.0"
"2017-10-01","Uttar Pradesh","9","Amethi","640","3366.43","4873.69","55.0","81.57"
"2018-04-01","Karnataka","29","Bengaluru Urban","525","21831.84","0.0","18446.04","0.0"
"2018-02-01","Tamil Nadu","33","Ramanathapuram","583","4939.26","115.41","4485.83","113.4"
"2019-02-01","Bihar","10","Araria","188","8311.71","5541.14","8311.71","5541.14"
"2021-09-01","Gujarat","24","Vadodara","461","1921.34","4531.8","1790.42","4217.16"
"2018-02-01","Assam","18","Kamrup Metro","618","3490.63","0.0","3490.63","0.0"
"2020-08-01","Odisha","21","Malkangiri","364","3049.39","62.57","3013.02","60.46"
"2019-08-01","Punjab","3","Faridkot","29","0.0","10481.8","0.0","897.17"
"2019-03-01","Jharkhand","20","Lohardaga","336","2082.06","247.35","2056.0","237.49"
"2019-09-01","Rajasthan","8","Banswara","88","0.0","8592.22","0.0","8219.7"
"2019-02-01","Chhattisgarh","22","Raipur","387","6858.61","0.0","6900.96","0.0"
"2020-04-01","Haryana","6","Charki Dadri","701","0.0","1023.61","0.0","991.82"
"2019-12-01","Assam","18","Dhemaji","284","3091.65","0.0","3091.65","0.0"
"2020-08-01","Haryana","6","Bhiwani","59","0.0","3149.72","0.0","2990.3"
"2017-09-01","Andhra Pradesh","28","Krishna","510","2.28","0.0","11.28","0.0"
"2018-12-01","Uttar Pradesh","9","Mirzapur","170","4349.5","6350.09","4277.76","6242.47"
"2019-07-01","Arunachal Pradesh","12","East Siang","232","250.01","0.0","250.01","0.0"
"2018-08-01","Chhattisgarh","22","Dhamtari","377","3791.79","0.0","3801.88","0.0"
"2021-09-01","Telangana","36","Hyderabad","507","7477.7","0.0","7348.17","0.0"
"2020-11-01","Kerala","32","Palakkad","563","6658.89","1544.02","6440.16","1480.9"
"2020-11-01","Meghalaya","17","North Garo Hills","656","677.85","0.0","714.42","0.0"
"2018-07-01","Madhya Pradesh","23","Singrauli","638","2907.12","4606.35","2341.19","3757.2"
"2018-04-01","West Bengal","19","Jalpaiguri","314","7577.66","10753.12","7576.93","10621.76"
"2018-08-01","Punjab","3","Fazilka","651","0.0","18955.59","0.0","13846.23"
"2020-09-01","Tamil Nadu","33","Vellore","595","4051.02","387.38","9118.63","791.0"
"2017-11-01","Uttar Pradesh","9","Shamli","660","1887.89","2794.93","330.69","491.89"
"2018-02-01","Maharashtra","27","Hingoli","477","4036.28","5903.92","1536.52","2249.15"
"2019-01-01","Maharashtra","27","Kolhapur","480","10311.98","15197.15","5056.08","7449.17"
"2017-12-01","Punjab","3","S.A.S Nagar","608","0.0","11369.22","0.0","1898.22"
"2019-10-01","Arunachal Pradesh","12","Upper Subansiri","241","286.59","0.0","286.59","0.0"
"2018-07-01","Telangana","36","Jagtial","681","3262.3","0.0","3090.48","0.0"
"2018-02-01","Madhya Pradesh","23","Sheopur","431","511.37","2347.82","400.73","1849.28"
"2018-04-01","Jharkhand","20","Khunti","606","2509.94","321.66","2130.81","272.39"
"2021-10-01","Odisha","21","Jajapur","356","6593.5","1498.82","5649.46","1247.42"
"2019-08-01","Mizoram","15","Mamit","266","111.96","0.0","111.96","0.0"
"2018-12-01","Gujarat","24","Gir Somnath","675","1084.92","2553.51","1024.78","2412.51"
"2018-08-01","Gujarat","24","Mahisagar","669","1247.79","2941.96","1171.13","2763.85"
"2019-06-01","Manipur","14","Thoubal","259","2223.03","0.0","2223.03","0.0"
"2018-06-01","Uttar Pradesh","9","Kaushambi","158","2752.65","4035.04","2720.09","3986.31"
"2018-09-01","Uttar Pradesh","9","Shamli","660","1938.76","2871.23","1810.59","2678.99"
"2019-08-01","Uttar Pradesh","9","Kheri","159","7388.1","10807.42","7168.31","10481.14"
"2018-11-01","Arunachal Pradesh","12","Namsai","678","322.92","0.0","322.92","0.0"
"2020-04-01","Uttar Pradesh","9","Rae Bareli","175","5204.65","7552.19","4934.83","7149.9"
"2020-02-01","Rajasthan","8","Churu","96","0.0","7040.3","0.0","7031.57"
"2019-07-01","Tripura","16","West Tripura","272","2993.04","0.0","2819.42","0.0"
"2019-07-01","Madhya Pradesh","23","Hoshangabad","409","857.97","3647.9","757.95","3231.98"
"2020-01-01","Sikkim","11","South District","227","551.06","0.0","723.45","0.0"
"2019-01-01","Bihar","10","Kishanganj","203","5009.45","3339.64","4799.12","3199.41"
"2020-05-01","Jharkhand","20","Garhwa","328","5628.39","702.38","5204.51","695.92"
"2018-06-01","Uttar Pradesh","9","Sonbhadra","184","3340.06","4858.7","3254.62","4730.53"
"2019-11-01","Chhattisgarh","22","Balrampur","649","3627.12","0.0","3555.84","0.0"
"2018-07-01","Maharashtra","27","Pune","490","11248.67","15823.11","7235.33","9960.53"
"2018-08-01","Andhra Pradesh","28","Spsr Nellore","515","9865.78","0.0","8886.67","0.0"
"2020-02-01","Chhattisgarh","22","Janjgir-Champa","379","8235.05","0.0","8159.62","0.0"
"2018-09-01","Jammu And Kashmir","1","Rajauri","12","2684.6","1835.22","981.96","677.39"
"2019-06-01","Arunachal Pradesh","12","Kra Daadi","677","172.24","0.0","172.24","0.0"
"2019-01-01","Arunachal Pradesh","12","Tawang","238","186.42","0.0","186.42","0.0"
"2020-09-01","Arunachal Pradesh","12","Upper Subansiri","241","286.59","0.0","0.0","0.0"
"2020-03-01","Gujarat","24","Surendranagar","460","1440.66","3392.49","1312.64","3089.38"
"2021-11-01","Madhya Pradesh","23","Jhabua","412","1029.35","4513.16","936.3","4133.7"
"2019-02-01","Tamil Nadu","33","The Nilgiris","587","2339.63","107.95","2342.82","94.74"
"2018-07-01","Odisha","21","Baleshwar","346","8452.84","2017.6","8436.2","2015.38"
"2018-12-01","Odisha","21","Sambalpur","371","3836.48","532.83","3719.42","505.46"
"2019-02-01","Uttar Pradesh","9","Bhadohi","179","2729.78","3999.01","2664.11","3902.49"
"2019-02-01","Uttar Pradesh","9","Meerut","169","4169.45","6231.11","3361.57","5016.13"
"2020-10-01","Tamil Nadu","33","Theni","588","3853.05","387.0","2135.73","216.96"
"2021-10-01","Jammu And Kashmir","1","Kulgam","622","1321.8","61.02","1287.2","59.43"
"2021-10-01","Chhattisgarh","22","Mungeli","647","3694.9","0.0","3671.37","0.0"
"2019-10-01","Arunachal Pradesh","12","Upper Siang","240","121.17","0.0","121.17","0.0"
"2021-10-01","Odisha","21","Mayurbhanj","365","11699.06","876.67","10428.47","790.22"
"2018-01-01","Uttar Pradesh","9","Shravasti","181","1987.24","2922.93","1652.59","2410.87"
"2019-06-01","Arunachal Pradesh","12","Upper Subansiri","241","320.37","0.0","320.37","0.0"
"2020-02-01","Haryana","6","Faridabad","60","0.0","3788.81","0.0","3408.48"
"2019-02-01","Karnataka","29","Kodagu","541","4107.99","0.0","1869.12","0.0"
"2018-03-01","Kerala","32","Kohzikode","561","12525.64","1463.73","5805.6","1340.21"
"2017-09-01","Himachal Pradesh","2","Una","26","0.0","0.0","0.0","0.0"
"2018-11-01","Tamil Nadu","33","Karur","576","3069.41","95.82","2596.66","88.67"
"2017-11-01","Odisha","21","Gajapati","353","2527.53","111.54","2357.94","99.96"
"2018-08-01","Meghalaya","17","South Garo Hills","277","537.3","0.0","537.3","0.0"
"2019-09-01","Assam","18","Goalpara","287","4268.73","0.0","4268.73","0.0"
"2019-09-01","Punjab","3","Hoshiarpur","33","0.0","22788.12","0.0","49.64"
"2019-04-01","Uttar Pradesh","9","Barabanki","129","6139.98","8925.26","6008.25","8718.58"
"2020-03-01","Kerala","32","Kollam","559","5855.38","1342.5","5513.35","1236.52"
"2020-09-01","Jharkhand","20","Godda","330","5409.64","569.36","4892.13","535.25"
"2018-02-01","Arunachal Pradesh","12","Tawang","238","186.42","0.0","186.42","0.0"
"2018-08-01","West Bengal","19","Jalpaiguri","314","4415.95","6311.19","4415.92","6311.16"
"2020-12-01","Uttar Pradesh","9","Sitapur","183","7927.42","11610.95","7573.04","11087.34"
"2018-08-01","West Bengal","19","Medinipur West","318","6939.54","10197.51","6911.42","10196.66"
"2020-11-01","Odisha","21","Nayagarh","367","3608.19","631.61","3479.49","606.86"
"2018-02-01","Jammu And Kashmir","1","Ganderbal","626","1010.62","0.0","149.34","0.0"
"2020-11-01","Haryana","6","Mahendragarh","69","0.0","1331.91","0.0","1207.95"
"2021-09-01","Uttar Pradesh","9","Hamirpur","149","416.0","487.0","403.44","543.2"
"2018-05-01","Uttar Pradesh","9","Shravasti","181","2004.41","2948.68","1994.99","2934.53"
"2020-03-01","Odisha","21","Nuapada","368","3176.71","185.05","71.17","2.52"
"2020-12-01","Madhya Pradesh","23","Satna","426","3498.62","13432.67","1825.78","6412.22"
"2018-04-01","Karnataka","29","Vijayapura","530","8060.26","2700.85","6552.52","2198.02"
"2020-04-01","Meghalaya","17","East Jaintia Hills","657","506.78","0.0","506.78","0.0"
"2020-01-01","Chhattisgarh","22","Kondagaon","643","2684.81","0.0","2590.11","0.0"
"2020-11-01","Bihar","10","Pashchim Champaran","211","11150.63","7433.75","10165.18","6777.24"
"2019-11-01","Mizoram","15","Champhai","262","520.93","0.0","520.93","0.0"
"2020-10-01","Telangana","36","Mulugu","720","1044.86","0.0","973.5","0.0"
"2020-02-01","Karnataka","29","Ramanagara","631","11072.68","0.0","4474.04","0.0"
"2018-01-01","Gujarat","24","Devbhumi Dwarka","674","1114.53","1703.61","1061.47","1622.49"
"2020-11-01","Gujarat","24","Surendranagar","460","1534.95","3612.51","1452.73","3417.62"
"2021-09-01","Uttar Pradesh","9","Balrampur","127","8.57","0.0","8.57","0.0"
"2018-08-01","Delhi","7","North East","81","1134.85","4438.22","1070.69","4190.15"
"2019-08-01","Uttarakhand","5","Almora","45","2720.32","1667.28","1374.2","879.83"
"2020-12-01","Bihar","10","Kaimur (Bhabua)","200","7033.9","4689.26","5650.54","3770.84"
"2019-12-01","Tamil Nadu","33","The Nilgiris","587","2349.34","107.7","2434.31","93.2"
"2020-05-01","Assam","18","Kamrup Metro","618","3486.46","0.0","3486.46","0.0"
"2020-04-01","Haryana","6","Panipat","71","0.0","3629.35","0.0","3570.65"
"2019-09-01","Bihar","10","Sitamarhi","221","14681.51","9787.7","9548.39","6365.61"
"2020-07-01","Bihar","10","Saran","218","8918.37","5945.58","8337.58","5558.41"
"2019-08-01","Chhattisgarh","22","Narayanpur","637","828.4","0.0","479.33","0.0"
"2019-09-01","Gujarat","24","Dohad","445","2296.11","5476.93","2133.15","5089.88"
"2020-09-01","Jammu And Kashmir","1","Srinagar","13","6139.08","141.25","2445.87","39.65"
"2020-04-01","Assam","18","Dhemaji","284","3092.62","0.0","3092.62","0.0"
"2020-02-01","Delhi","7","South","83","887.84","3481.73","886.55","3476.54"
"2019-01-01","Gujarat","24","Botad","676","708.89","1666.92","667.04","1568.68"
"2020-02-01","Assam","18","Kamrup Metro","618","3483.58","0.0","3483.58","0.0"
"2018-07-01","Rajasthan","8","Bikaner","93","0.0","6018.15","0.0","6202.41"
"2019-09-01","Uttar Pradesh","9","Muzaffarnagar","172","3922.55","5834.76","3356.51","4993.58"
"2018-10-01","Uttarakhand","5","Haridwar","50","7581.8","4806.76","3800.15","2439.26"
"2019-10-01","Assam","18","Darrang","283","3978.28","0.0","3978.28","0.0"
"2021-09-01","Odisha","21","Dhenkanal","352","4581.87","832.05","4491.31","811.74"
"2020-06-01","Chhattisgarh","22","Surajpur","648","3750.86","0.0","3722.71","0.0"
"2018-02-01","Bihar","10","Jamui","198","4650.02","3100.01","4615.22","3076.81"
"2019-02-01","Bihar","10","Purbi Champaran","213","13753.58","9168.65","13748.09","9165.2"
"2019-04-01","Madhya Pradesh","23","Datia","401","659.88","2066.59","505.39","1585.64"
"2018-10-01","Uttarakhand","5","Bageshwar","46","563.4","345.31","414.9","295.64"
"2020-04-01","Assam","18","Tinsukia","302","5807.64","620.0","5807.64","620.0"
"2020-02-01","Assam","18","Bongaigaon","281","3155.15","169.0","3155.15","169.0"
"2020-03-01","Bihar","10","Buxar","194","5941.16","3960.57","2923.69","1949.12"
"2020-11-01","Bihar","10","Arwal","611","1727.48","1151.65","1459.99","974.39"
"2020-03-01","Delhi","7","North","80","721.04","2680.31","694.52","2599.61"
"2020-10-01","Karnataka","29","Mysuru","545","11871.53","1321.49","11918.49","1180.08"
"2020-08-01","Mizoram","15","Serchhip","268","297.13","0.0","297.13","0.0"
"2020-10-01","Gujarat","24","Patan","455","1571.87","3706.38","1442.65","3401.37"
"2019-08-01","Bihar","10","Gopalganj","197","5296.93","3531.29","5296.36","3530.91"
"2019-10-01","Gujarat","24","Navsari","453","1472.62","3513.51","1357.5","3240.83"
"2019-10-01","Tamil Nadu","33","Dharmapuri","571","6076.49","197.61","5702.44","185.5"
"2020-07-01","Meghalaya","17","West Garo Hills","278","1996.98","0.0","1996.98","0.0"
"2019-05-01","Mizoram","15","Lunglei","265","632.04","0.0","632.04","0.0"
"2019-10-01","Himachal Pradesh","2","Lahul And Spiti","21","38.0","37.2","66.6","111.44"
"2020-11-01","Madhya Pradesh","23","Mandsaur","416","899.79","3765.31","770.79","3575.46"
"2021-11-01","Haryana","6","Fatehabad","61","0.0","4862.56","0.0","2308.5"
"2018-03-01","Andhra Pradesh","28","Krishna","510","13441.93","0.0","12509.08","0.0"
"2018-08-01","Bihar","10","Aurangabad","189","5762.91","3841.94","5633.62","3755.74"
"2019-03-01","Himachal Pradesh","2","Kinnaur","19","58.0","82.0","45.29","111.55"
"2021-10-01","Jharkhand","20","Hazaribagh","332","4522.44","3088.91","4591.2","3054.09"
"2017-10-01","Uttar Pradesh","9","Sonbhadra","184","3080.85","4469.88","204.71","305.9"
"2020-05-01","Sikkim","11","West District","228","634.33","0.0","385.52","0.0"
"2018-12-01","Maharashtra","27","Sangli","493","7225.82","10666.01","3436.93","5060.81"
"2019-06-01","Haryana","6","Kaithal","66","0.0","2573.42","0.0","2855.37"
"2017-12-01","Tamil Nadu","33","Vellore","595","40390.07","2148.33","9419.79","384.01"
"2020-10-01","Himachal Pradesh","2","Hamirpur","17","416.0","612.0","397.31","532.8"
"2019-08-01","Andhra Pradesh","28","Krishna","510","13253.59","0.0","12314.75","0.0"
"2020-08-01","Himachal Pradesh","2","Sirmaur","24","422.0","603.0","408.76","545.56"
"2020-08-01","Assam","18","Dibrugarh","286","6011.12","208.0","6011.12","208.0"
"2020-08-01","Telangana","36","Mahabubabad","688","2671.8","0.0","2287.44","0.0"
"2017-12-01","Uttar Pradesh","9","Jalaun","151","2726.37","3995.13","0.0","0.0"
"2020-05-01","Tamil Nadu","33","Salem","584","11270.69","339.62","9860.76","356.26"
"2019-04-01","Uttarakhand","5","Champawat","48","1146.73","726.45","922.29","579.74"
"2020-03-01","Telangana","36","Nirmal","680","2193.58","0.0","2124.5","0.0"
"2019-05-01","Gujarat","24","Surendranagar","460","1544.17","3633.89","1438.89","3386.35"
"2021-11-01","Maharashtra","27","Beed","470","3402.14","5298.57","2570.65","3988.23"
"2019-03-01","Bihar","10","Kaimur (Bhabua)","200","3238.42","2158.95","3226.66","2151.11"
"2020-10-01","Bihar","10","Sheohar","220","1983.9","1322.6","1687.1","1124.71"
"2020-11-01","Bihar","10","Darbhanga","195","12899.72","8599.81","10799.22","7200.24"
"2019-04-01","Himachal Pradesh","2","Bilaspur","15","454.0","647.0","414.04","593.29"
"2020-01-01","Maharashtra","27","Dhule","474","2958.67","5393.61","2596.6","4735.82"
"2018-04-01","Uttar Pradesh","9","Shamli","660","1961.06","2904.68","1892.89","2802.43"
"2020-06-01","Karnataka","29","Udupi","549","4272.23","328.29","4021.39","301.87"
"2019-05-01","Uttar Pradesh","9","Meerut","169","3828.67","5719.94","3344.13","4995.76"
"2021-10-01","Uttar Pradesh","9","Unnao","186","5752.55","8342.7","5348.98","7754.95"
"2017-09-01","Tamil Nadu","33","Dindigul","572","21.58","0.69","0.0","0.0"
"2019-10-01","Chhattisgarh","22","Narayanpur","637","1071.23","0.0","631.22","0.0"
"2020-08-01","Maharashtra","27","Chandrapur","473","4834.45","5183.66","4680.47","5007.02"
"2018-05-01","Haryana","6","Faridabad","60","0.0","2217.38","0.0","2592.0"
"2020-03-01","Punjab","3","Firozpur","31","0.0","17086.96","0.0","8742.49"
"2018-06-01","Jammu And Kashmir","1","Anantnag","1","6434.78","164.33","3117.69","164.33"
"2020-07-01","Uttar Pradesh","9","Kaushambi","158","2825.2","4143.87","2734.6","4010.16"
"2018-04-01","Maharashtra","27","Bhandara","471","4269.39","1824.1","3874.48","1795.6"
"2019-02-01","Karnataka","29","Ballari","528","9924.87","0.0","8946.54","7.95"
"2018-06-01","Jammu And Kashmir","1","Rajauri","12","2677.29","1830.21","938.8","648.29"
"2019-09-01","West Bengal","19","Dinajpur Uttar","311","4924.0","7308.38","4825.28","7161.95"
"2020-11-01","Bihar","10","Nalanda","209","8197.13","5464.75","6675.66","4450.53"
"2019-11-01","Telangana","36","Khammam","509","4297.07","0.0","3786.66","0.0"
"2018-12-01","Chhattisgarh","22","Bijapur","636","1797.31","0.0","1041.78","0.0"
"2019-12-01","Himachal Pradesh","2","Sirmaur","24","436.0","620.0","421.01","567.45"
"2019-01-01","Telangana","36","Peddapalli","682","2546.44","0.0","2269.65","0.0"
"2019-10-01","Bihar","10","Katihar","201","9386.7","6257.8","9386.7","6257.8"
"2018-05-01","Assam","18","Dhemaji","284","3088.76","0.0","3088.76","0.0"
"2021-10-01","Rajasthan","8","Sikar","114","0.0","8405.0","0.0","8295.14"
"2019-11-01","Telangana","36","Wanaparthy","693","1814.28","0.0","1516.97","0.0"
"2020-08-01","Meghalaya","17","Ri Bhoi","276","1025.91","0.0","1025.91","0.0"
"2019-01-01","Manipur","14","Ukhrul","260","813.92","0.0","813.92","0.0"
"2019-09-01","Tamil Nadu","33","The Nilgiris","587","2355.78","107.76","2412.27","94.99"
"2019-06-01","Maharashtra","27","Dhule","474","7008.97","6820.94","3217.04","3986.46"
"2018-01-01","Bihar","10","Darbhanga","195","10281.28","6854.18","10248.34","6835.56"
"2019-08-01","Maharashtra","27","Nagpur","484","10462.37","12992.86","6675.35","8398.25"
"2018-03-01","Bihar","10","Muzaffarpur","208","12614.43","8409.62","12539.59","8359.73"
"2019-02-01","Uttar Pradesh","9","Farrukhabad","141","2823.37","3987.59","2674.63","3920.21"
"2020-01-01","Delhi","7","South West","84","962.07","3759.05","962.07","3759.05"
"2021-11-01","Madhya Pradesh","23","Niwari","722","359.91","1137.9","316.9","1099.55"
"2019-12-01","Rajasthan","8","Jodhpur","107","0.0","10598.39","0.0","10196.33"
"2019-05-01","Gujarat","24","Patan","455","1509.85","3561.16","1452.32","3426.94"
"2020-07-01","Mizoram","15","Champhai","262","520.43","0.0","498.46","0.0"
"2020-03-01","Assam","18","Dhemaji","284","3093.21","0.0","3093.21","0.0"
"2018-05-01","West Bengal","19","Kolkata","315","4472.8","6592.93","4209.69","6469.7"
"2019-01-01","Jharkhand","20","Simdega","342","2654.34","340.73","2631.65","327.38"
"2019-03-01","Uttar Pradesh","9","Pilibhit","173","3535.52","5211.64","4353.37","6428.01"
"2019-12-01","Madhya Pradesh","23","Rewa","424","2281.0","8108.19","1966.26","6998.11"
"2018-05-01","Telangana","36","Nizamabad","516","4329.28","0.0","4167.79","0.0"
"2020-07-01","Tripura","16","West Tripura","272","2982.87","0.0","2924.81","0.0"
"2018-12-01","Chhattisgarh","22","Jashpur","380","4215.57","0.0","4053.54","0.0"
"2018-02-01","Madhya Pradesh","23","Balaghat","392","4860.39","3357.55","2814.64","1945.49"
"2019-04-01","Telangana","36","Medchal Malkajgiri","700","5409.36","0.0","5364.71","0.0"
"2019-12-01","Assam","18","Marigaon","296","4278.28","290.0","4278.28","290.0"
"2018-04-01","Andhra Pradesh","28","Vizianagaram","521","9133.93","0.0","8221.38","0.0"
"2017-11-01","Karnataka","29","Bengaluru Rural","526","4933.43","0.0","4421.82","0.0"
"2019-10-01","Maharashtra","27","Gondia","476","7830.87","4184.83","3879.4","2059.0"
"2020-05-01","Uttar Pradesh","9","Saharanpur","177","5559.45","8202.63","5380.21","7936.08"
"2020-01-01","Himachal Pradesh","2","Kangra","18","1662.0","2366.0","1494.89","2016.62"
"2019-03-01","Uttar Pradesh","9","Gorakhpur","148","7035.09","10236.66","6851.95","9965.92"
"2021-10-01","Uttarakhand","5","Almora","45","2569.67","1574.96","530.1","363.84"
"2019-06-01","Chhattisgarh","22","Narayanpur","637","1260.17","0.0","954.92","0.0"
"2021-10-01","Bihar","10","Begusarai","191","8270.89","5513.93","7894.76","5263.34"
"2019-03-01","Assam","18","Bongaigaon","281","3157.03","170.0","3157.03","170.0"
"2020-09-01","Andhra Pradesh","28","West Godavari","523","12754.83","0.0","11879.8","0.0"
"2020-06-01","Madhya Pradesh","23","Seoni","428","3181.3","4647.2","1955.7","2852.27"
"2018-11-01","Uttar Pradesh","9","Mainpuri","166","2692.03","3880.35","2571.7","3743.08"
"2017-10-01","Chhattisgarh","22","Rajnandgaon","388","6421.06","0.0","6296.18","0.0"
"2018-10-01","Nagaland","13","Wokha","250","592.24","0.0","592.24","0.0"
"2018-08-01","Maharashtra","27","Nanded","485","8839.07","12872.42","4571.98","6651.11"
"2020-02-01","Assam","18","Karbi Anglong","292","3688.5","0.0","3687.2","0.0"
"2018-02-01","Uttar Pradesh","9","Banda","128","3031.11","4425.8","3002.73","4383.91"
"2020-05-01","Uttar Pradesh","9","Mainpuri","166","2600.27","3785.66","2491.25","3628.88"
"2018-10-01","Bihar","10","Arwal","611","1730.51","1153.67","1655.93","1103.95"
"2020-03-01","Odisha","21","Boudh","349","2031.35","138.84","2.07","0.14"
"2019-03-01","Uttar Pradesh","9","Faizabad","140","3950.22","5767.85","3918.7","5747.58"
"2020-05-01","Tamil Nadu","33","Tuticorin","594","6129.82","184.47","5412.63","173.74"
"2019-06-01","Meghalaya","17","West Jaintia Hills","275","1065.56","0.0","1065.56","0.0"
"2020-02-01","Karnataka","29","Shivamogga","547","7016.09","0.0","6116.03","0.0"
"2018-02-01","Maharashtra","27","Satara","494","7769.88","11488.06","3132.11","4991.9"
"2019-11-01","Madhya Pradesh","23","Umaria","436","1432.11","1976.58","1292.86","1785.77"
"2020-02-01","Madhya Pradesh","23","Mandla","415","4022.4","2936.36","3445.2","2507.74"
"2020-12-01","Bihar","10","Vaishali","224","20245.7","13497.13","14214.47","9472.65"
"2018-07-01","Bihar","10","Samastipur","217","12679.31","8452.87","12584.33","8389.55"
"2019-11-01","Andhra Pradesh","28","Chittoor","503","14440.41","0.0","13872.3","0.0"
"2020-07-01","Tamil Nadu","33","The Nilgiris","587","2537.98","117.33","2017.62","117.46"
"2019-10-01","Telangana","36","Narayanpet","721","1870.05","0.0","1662.62","0.0"
"2018-06-01","Gujarat","24","Valsad","462","1741.37","4105.74","1433.4","3380.46"
"2018-04-01","Haryana","6","Faridabad","60","0.0","1780.16","0.0","2622.05"
"2020-02-01","Uttar Pradesh","9","Bhadohi","179","2727.43","3995.49","2556.05","3739.79"
"2021-11-01","Ladakh","37","Leh Ladakh","9","115.34","150.05","99.39","128.24"
"2019-11-01","Bihar","10","Aurangabad","189","11163.64","7442.43","5638.92","3759.28"
"2020-08-01","Lakshadweep","31","Lakshadweep District","553","132.84","0.0","27.04","0.0"
"2020-06-01","Rajasthan","8","Jaisalmer","103","0.0","2197.61","0.0","2066.91"
"2021-09-01","Telangana","36","Mulugu","720","1039.02","0.0","988.58","0.0"
"2019-04-01","Rajasthan","8","Nagaur","110","0.0","12060.43","0.0","11416.88"
"2019-04-01","Haryana","6","Sonipat","75","0.0","2801.76","0.0","1937.06"
"2020-01-01","Uttar Pradesh","9","Mainpuri","166","2566.83","3735.51","2430.78","3535.6"
"2018-05-01","Bihar","10","Saran","218","8862.07","5908.05","8702.47","5801.71"
"2019-09-01","Telangana","36","Nagarkurnool","694","2564.95","0.0","2133.08","0.0"
"2020-12-01","Maharashtra","27","Gondia","476","3996.88","2140.21","3857.57","2062.83"
"2019-08-01","Chhattisgarh","22","Mahasamund","385","5360.44","0.0","5275.5","0.0"
"2019-10-01","Telangana","36","Medchal Malkajgiri","700","5641.6","0.0","5807.21","0.0"
"2019-09-01","Andhra Pradesh","28","Y.S.R.","504","22.28","0.0","22.01","0.0"
"2018-08-01","Karnataka","29","Tumakuru","548","26578.1","0.0","10756.5","0.0"
"2018-10-01","Rajasthan","8","Udaipur","117","0.0","12618.91","0.0","11844.27"
"2019-07-01","Telangana","36","Adilabad","501","2425.3","0.0","2344.31","0.0"
"2018-11-01","Assam","18","Cachar","282","7442.82","519.0","7442.82","519.0"
"2018-11-01","Madhya Pradesh","23","Shajapur","430","725.05","3027.31","608.41","2550.61"
"2020-11-01","Gujarat","24","Mahisagar","669","1121.36","2646.97","1090.11","2570.83"
"2018-10-01","Uttar Pradesh","9","Lucknow","162","5753.3","8504.67","5298.01","7823.64"
"2018-11-01","Uttar Pradesh","9","Kaushambi","158","2790.55","4091.89","2685.08","3933.76"
"2018-02-01","Assam","18","Dhemaji","284","3090.0","0.0","3090.0","0.0"
"2019-04-01","Bihar","10","Muzaffarpur","208","12614.43","8409.62","12360.08","8240.05"
"2018-11-01","Maharashtra","27","Akola","467","2203.04","9618.98","1133.96","4939.2"
"2018-04-01","Maharashtra","27","Ahmadnagar","466","20255.64","29017.62","5146.57","7256.0"
"2018-05-01","Telangana","36","Jangoan","689","2161.94","0.0","1794.87","0.0"
"2020-09-01","Rajasthan","8","Karauli","108","0.0","5049.92","0.0","4912.36"
"2021-09-01","Uttar Pradesh","9","Aligarh","119","5635.24","8391.37","5383.05","8016.68"
"2020-04-01","Assam","18","Jorhat","290","4876.47","0.0","4876.47","0.0"
"2020-11-01","Chhattisgarh","22","Mahasamund","385","5259.79","0.0","5224.77","0.0"
"2018-06-01","Chhattisgarh","22","Balod","646","3705.09","0.0","3669.41","0.0"
"2020-09-01","Odisha","21","Puri","369","5691.43","1285.44","5637.76","1267.74"
"2018-09-01","Haryana","6","Faridabad","60","0.0","2644.62","0.0","2873.77"
"2021-11-01","Karnataka","29","Vijayapura","530","8121.42","0.0","7496.85","0.0"
"2017-12-01","Andhra Pradesh","28","Anantapur","502","13427.85","0.0","12383.43","0.0"
"2019-08-01","Uttar Pradesh","9","Ghaziabad","145","2964.61","4425.66","2695.73","4022.45"
"2018-11-01","Uttar Pradesh","9","Fatehpur","142","4033.33","5958.03","3696.71","5454.69"
"2018-06-01","Manipur","14","Kangpokpi","712","716.24","0.0","716.24","0.0"
"2020-12-01","Karnataka","29","Dakshina Kannada","534","11206.14","503.45","5357.67","0.0"
"2019-08-01","Uttar Pradesh","9","Kaushambi","158","2778.77","4074.22","2654.26","3887.89"
"2018-09-01","Meghalaya","17","South West Garo Hills","663","645.71","0.0","645.71","0.0"
"2019-12-01","Bihar","10","Sitamarhi","221","18514.1","12341.64","9385.09","6256.73"
"2020-03-01","Andhra Pradesh","28","East Godavari","505","16570.33","0.0","15673.7","0.0"
"2020-05-01","Tamil Nadu","33","Cuddalore","570","10803.77","267.46","9878.76","239.0"
"2020-10-01","Rajasthan","8","Churu","96","0.0","7178.03","0.0","7025.96"
"2018-09-01","Nagaland","13","Zunheboto","251","588.23","0.0","588.23","0.0"
"2019-01-01","Tamil Nadu","33","Vellore","595","10093.2","436.26","9695.0","353.89"
"2017-12-01","Maharashtra","27","Yavatmal","500","4151.02","6226.53","60.2","79.05"
"2019-06-01","Gujarat","24","Devbhumi Dwarka","674","796.72","1869.41","763.78","1790.83"
"2018-10-01","Nagaland","13","Mokokchung","246","814.7","0.0","814.7","0.0"
"2020-09-01","Maharashtra","27","Hingoli","477","1784.2","2827.18","1630.27","2581.64"
"2021-09-01","Karnataka","29","Shivamogga","547","9.29","0.0","9.15","0.0"
"2019-07-01","Mizoram","15","Lawngtlai","264","280.94","0.0","280.94","0.0"
"2019-11-01","Gujarat","24","Kachchh","449","2160.82","5087.33","1925.1","4533.66"
"2018-09-01","Rajasthan","8","Jaipur","102","0.0","14048.76","0.0","13557.99"
"2019-07-01","Gujarat","24","Ahmadabad","438","2628.1","6171.23","3309.33","7797.56"
"2018-10-01","Telangana","36","Kumurambheem Asifabad","699","2068.53","0.0","1937.3","0.0"
"2020-06-01","Haryana","6","Panchkula","70","0.0","1132.97","0.0","960.62"
"2018-07-01","Lakshadweep","31","Lakshadweep District","553","132.23","0.0","0.65","0.0"
"2020-02-01","Himachal Pradesh","2","Solan","25","507.0","721.0","438.14","409.25"
"2020-02-01","Bihar","10","Rohtas","215","11660.51","7773.68","5478.45","3652.02"
"2019-12-01","Goa","30","North Goa","551","1411.89","0.0","1392.7","0.0"
"2019-11-01","Rajasthan","8","Dausa","97","0.0","6058.04","0.0","6425.66"
"2018-06-01","Arunachal Pradesh","12","Lohit","234","200.15","0.0","200.15","0.0"
"2018-02-01","Jammu And Kashmir","1","Kishtwar","620","498.79","400.22","0.14","0.1"
"2020-06-01","West Bengal","19","Kolkata","315","4466.45","6584.47","4278.95","6283.28"
"2020-11-01","Madhya Pradesh","23","Sagar","425","1629.56","6972.44","1551.8","6737.96"
"2020-09-01","Tamil Nadu","33","Kanchipuram","574","3437.24","307.67","6134.72","540.92"
"2019-07-01","Chhattisgarh","22","Bijapur","636","1701.15","0.0","1028.06","0.0"
"2020-10-01","Uttar Pradesh","9","Aligarh","119","5598.74","8336.61","5320.38","7921.66"
"2018-11-01","Jharkhand","20","Simdega","342","2600.36","326.35","2627.55","327.5"
"2020-05-01","Odisha","21","Kalahandi","358","7436.71","320.1","6720.85","293.69"
"2017-12-01","Madhya Pradesh","23","Jhabua","412","1225.63","5183.11","1144.35","4743.33"
"2018-11-01","Chhattisgarh","22","Kanker","381","3504.55","0.0","1053.81","0.0"
"2020-09-01","Arunachal Pradesh","12","Kurung Kumey","233","158.09","0.0","158.09","0.0"
"2018-02-01","Maharashtra","27","Akola","467","2381.78","10434.42","1147.5","5128.93"
"2020-01-01","Manipur","14","Thoubal","259","4372.0","0.0","2212.35","0.0"
"2019-04-01","Tamil Nadu","33","Pudukkottai","582","6984.71","146.67","6079.62","134.06"
"2018-08-01","Haryana","6","Nuh","604","0.0","2673.77","0.0","2731.18"
"2020-09-01","Telangana","36","Kamareddy","685","3249.98","0.0","3136.29","0.0"
"2019-04-01","Jharkhand","20","Koderma","334","2550.18","309.87","2504.08","285.33"
"2019-04-01","Maharashtra","27","Nanded","485","9467.39","12934.51","4250.64","5712.95"
"2020-06-01","Assam","18","Dima Hasao","299","881.62","89.0","881.62","89.0"
"2021-11-01","Manipur","14","Kamjong","717","132.27","0.0","53.35","0.0"
"2017-12-01","Rajasthan","8","Pratapgarh","629","0.0","3386.49","0.0","3522.27"
"2019-11-01","Himachal Pradesh","2","Una","26","547.0","782.0","529.22","746.11"
"2019-08-01","Uttar Pradesh","9","Bulandshahr","134","4992.49","7422.73","4660.29","6924.5"
"2020-02-01","Odisha","21","Kendujhar","361","7594.27","736.38","13694.38","1357.92"
"2020-12-01","Uttar Pradesh","9","Mau","168","3763.85","5504.3","3510.25","5130.36"
"2019-02-01","Uttar Pradesh","9","Jaunpur","152","7540.65","10991.85","7425.42","10786.45"
"2021-11-01","Odisha","21","Nayagarh","367","3592.13","628.65","3460.29","603.32"
"2018-01-01","Tamil Nadu","33","Coimbatore","569","6615.42","561.96","5177.73","327.8"
"2019-11-01","Meghalaya","17","West Garo Hills","278","1996.98","0.0","1996.98","0.0"
"2020-04-01","Bihar","10","Jamui","198","4463.88","2946.56","4141.7","2761.02"
"2019-02-01","Bihar","10","Buxar","194","3016.43","2010.95","2870.51","1913.69"
"2020-06-01","Maharashtra","27","Osmanabad","488","2384.13","3769.65","2254.9","3569.08"
"2021-10-01","Haryana","6","Panipat","71","0.0","7432.16","0.0","3496.96"
"2020-08-01","Assam","18","Darrang","283","4038.52","0.0","4038.52","0.0"
"2019-11-01","Maharashtra","27","Hingoli","477","3304.41","5248.57","1520.25","2413.14"
"2019-08-01","Madhya Pradesh","23","Shajapur","430","176.41","741.28","20.77","86.82"
"2019-09-01","Madhya Pradesh","23","Agar Malwa","667","713.34","2994.04","462.5","1900.49"
"2020-06-01","Tamil Nadu","33","Chennai","568","13030.77","588.68","7703.12","574.99"
"2019-01-01","Madhya Pradesh","23","Barwani","393","1694.01","7144.89","1495.18","6305.58"
"2018-07-01","Andhra Pradesh","28","Vizianagaram","521","9142.9","0.0","8238.91","0.0"
"2020-09-01","Rajasthan","8","Tonk","116","0.0","5441.33","0.0","5342.13"
"2018-04-01","Chhattisgarh","22","Janjgir-Champa","379","8385.13","0.0","8133.51","0.0"
"2019-02-01","Uttar Pradesh","9","Kanpur Nagar","157","5593.57","8228.84","5125.0","7527.29"
"2019-03-01","Jharkhand","20","West Singhbhum","343","7019.49","952.07","6571.56","883.68"
"2019-11-01","Uttarakhand","5","Dehradun","49","6250.55","4014.84","3609.93","2065.76"
"2020-07-01","Uttar Pradesh","9","Siddharth Nagar","182","4509.87","6558.53","4337.09","6305.2"
"2019-06-01","Uttar Pradesh","9","Gautam Buddha Nagar","144","1467.03","2180.81","1217.88","1807.16"
"2020-09-01","Bihar","10","Khagaria","202","5451.13","3634.08","4672.38","3114.92"
"2017-11-01","Telangana","36","Karimnagar","508","3845.63","58.36","3599.38","0.0"
"2018-12-01","Manipur","14","Jiribum","713","200.36","0.0","200.36","0.0"
"2018-12-01","West Bengal","19","Nadia","320","7788.86","11523.6","7766.24","11482.07"
"2020-02-01","Tamil Nadu","33","Namakkal","580","4394.57","237.16","3713.48","204.01"
"2020-09-01","Madhya Pradesh","23","Umaria","436","1415.49","1961.9","1264.03","1770.5"
"2017-08-01","Himachal Pradesh","2","Hamirpur","17","0.0","0.0","0.0","0.0"
"2018-02-01","Tamil Nadu","33","Tuticorin","594","5440.67","146.86","4324.01","149.11"
"2020-02-01","Chhattisgarh","22","Narayanpur","637","955.61","0.0","591.68","0.0"
"2018-08-01","Karnataka","29","Haveri","540","15553.8","354.6","6499.57","183.86"
"2018-08-01","Haryana","6","Gurugram","62","0.0","1528.64","0.0","1611.91"
"2018-03-01","Tripura","16","Gomati","654","1053.82","46.06","521.27","46.06"
"2018-07-01","Madhya Pradesh","23","Alirajpur","639","925.0","3793.13","776.26","3174.53"
"2020-12-01","Bihar","10","Sheikhpura","219","3271.24","2180.83","2488.77","1659.27"
"2018-01-01","Chhattisgarh","22","Sukma","642","2528.25","0.0","1204.63","0.0"
"2017-12-01","Maharashtra","27","Mumbai Suburban","483","2386.23","3560.65","0.23","11.19"
"2021-09-01","Chhattisgarh","22","Janjgir-Champa","379","8251.62","0.0","8159.94","0.0"
"2020-12-01","Uttar Pradesh","9","Fatehpur","142","4257.97","6294.97","4062.05","6003.1"
"2017-11-01","Maharashtra","27","Jalna","479","2908.67","4363.01","110.94","86.76"
"2020-09-01","Chhattisgarh","22","Balrampur","649","3571.99","0.0","3505.36","0.0"
"2020-02-01","Bihar","10","Aurangabad","189","11454.27","7636.18","5597.06","3731.24"
"2021-11-01","Gujarat","24","Gandhinagar","446","1273.3","2989.77","1218.32","2855.65"
"2020-07-01","Madhya Pradesh","23","Satna","426","4308.03","15277.68","1854.98","6529.31"
"2018-09-01","Andaman & Nicobar Islands","35","South Andamans","602","188.96","21.28","39.27","21.28"
"2021-09-01","Arunachal Pradesh","12","Longding","666","201.58","0.0","201.58","0.0"
"2020-05-01","Arunachal Pradesh","12","Namsai","678","322.92","0.0","322.76","0.0"
"2017-10-01","Karnataka","29","Kalaburagi","538","0.0","0.0","0.0","0.0"
"2018-12-01","Telangana","36","Hyderabad","507","8829.52","0.0","7293.12","0.0"
"2019-10-01","Maharashtra","27","Parbhani","489","4455.21","7033.93","2137.77","3401.94"
"2019-04-01","Jharkhand","20","Deoghar","324","5404.22","688.66","5218.89","633.63"
"2018-09-01","Madhya Pradesh","23","Agar Malwa","667","491.72","2064.65","455.26","1911.95"
"2020-04-01","Bihar","10","Banka","190","5221.38","3480.35","5125.09","3416.82"
"2019-06-01","Karnataka","29","Dharwad","536","15525.35","0.0","5735.27","0.15"
"2019-08-01","Rajasthan","8","Chittorgarh","95","0.0","5243.58","0.0","5020.28"
"2018-10-01","West Bengal","19","24 Paraganas South","304","12553.43","18611.63","12315.04","17805.8"
"2019-03-01","Arunachal Pradesh","12","Changlang","229","422.57","0.0","422.57","0.0"
"2018-11-01","Delhi","7","East","78","722.7","2495.26","738.9","2557.61"
"2018-12-01","Karnataka","29","Mandya","544","10194.49","0.0","53.89","0.0"
"2020-03-01","Assam","18","Darrang","283","3969.14","0.0","3969.14","0.0"
"2020-08-01","Tripura","16","North Tripura","270","1546.21","0.0","1510.84","0.0"
"2018-02-01","Tamil Nadu","33","The Nilgiris","587","2434.61","96.43","2374.38","96.95"
"2020-04-01","Rajasthan","8","Kota","109","0.0","5067.22","0.0","5192.96"
"2019-08-01","Tamil Nadu","33","Kanchipuram","574","8050.4","178.54","7259.86","151.37"
"2019-12-01","Telangana","36","Kumurambheem Asifabad","699","1981.57","0.0","1893.47","0.0"
"2019-07-01","Jharkhand","20","Deoghar","324","5250.66","649.38","5317.59","655.58"
"2020-02-01","Delhi","7","West","85","812.19","3115.65","807.69","3098.78"
"2019-08-01","Uttar Pradesh","9","Barabanki","129","7959.84","8609.01","5726.72","8308.18"
"2020-12-01","Gujarat","24","Amreli","439","1297.82","3065.59","1200.21","2835.1"
"2019-03-01","Nagaland","13","Phek","248","644.05","0.0","644.05","0.0"
"2019-12-01","Uttarakhand","5","Rudra Prayag","54","1034.31","633.92","540.45","291.11"
"2019-02-01","West Bengal","19","24 Paraganas South","304","12565.29","18629.9","12461.75","18628.5"
"2019-06-01","Manipur","14","Jiribum","713","217.06","0.0","217.06","0.0"
"2019-07-01","Assam","18","Barpeta","280","7348.47","411.0","7348.47","411.0"
"2017-12-01","Odisha","21","Jajapur","356","6314.68","1554.85","5608.75","1387.56"
"2020-03-01","Rajasthan","8","Dungarpur","99","0.0","6134.86","0.0","6243.94"
"2020-07-01","Jammu And Kashmir","1","Pulwama","11","1906.51","0.0","751.03","0.0"
"2018-05-01","Bihar","10","Kishanganj","203","5009.45","3339.64","4800.79","3200.53"
"2019-01-01","Uttar Pradesh","9","Mainpuri","166","2707.76","3899.54","2644.6","3852.74"
"2019-02-01","Uttar Pradesh","9","Sultanpur","185","4289.3","6232.93","4267.37","6200.1"
"2017-10-01","Karnataka","29","Raichur","546","0.0","0.0","0.0","0.0"
"2018-07-01","Tamil Nadu","33","Erode","573","5994.97","256.42","4516.13","244.29"
"2018-04-01","Telangana","36","Yadadri Bhuvanagiri","697","2568.15","0.0","2288.78","0.0"
"2019-07-01","Delhi","7","South","83","870.89","3411.28","869.26","3404.81"
"2021-11-01","Andaman And Nicobar Islands","35","North And Middle Andaman","632","99.6","49.32","94.51","24.92"
"2017-11-01","Tamil Nadu","33","Kanniyakumari","575","22051.21","1197.63","5531.09","243.33"
"2019-07-01","Mizoram","15","Kolasib","263","423.24","0.0","423.24","0.0"
"2020-05-01","West Bengal","19","Jhargram","703","1980.96","2889.91","2733.78","2889.91"
"2019-04-01","Tamil Nadu","33","Dharmapuri","571","6020.05","197.91","5475.4","177.38"
"2019-04-01","Assam","18","Karimganj","293","5340.42","80.0","5340.42","80.0"
"2018-07-01","Chhattisgarh","22","Mahasamund","385","5422.1","0.0","5238.74","0.0"
"2019-01-01","Maharashtra","27","Thane","497","16050.79","18902.85","7220.75","8209.28"
"2020-10-01","Uttarakhand","5","Bageshwar","46","1146.09","702.43","582.22","457.52"
"2019-04-01","Odisha","21","Jajapur","356","6419.11","1554.43","6376.46","1548.88"
"2019-11-01","Haryana","6","Panipat","71","0.0","1104.3","0.0","1335.71"
"2018-08-01","Uttar Pradesh","9","Ambedkar Nagar","121","3920.24","5715.44","3912.31","5703.55"
"2020-05-01","Manipur","14","Kangpokpi","712","1626.25","0.0","844.62","0.0"
"2018-06-01","Karnataka","29","Ramanagara","631","9755.22","0.0","4375.12","0.0"
"2021-11-01","Jammu And Kashmir","1","Kathua","7","353.64","1488.13","308.23","1297.12"
"2021-09-01","Uttar Pradesh","9","Ballia","126","5821.88","8478.57","5494.94","8000.29"
"2019-08-01","Jharkhand","20","Koderma","334","2471.79","298.04","2625.16","326.81"
"2019-09-01","Jharkhand","20","Latehar","335","3084.49","340.32","3042.45","341.56"
"2019-03-01","Jharkhand","20","Ranchi","339","10255.28","1150.25","9663.32","948.3"
"2017-11-01","Telangana","36","Peddapalli","682","2997.24","47.25","2790.74","0.0"
"2018-05-01","Telangana","36","Kamareddy","685","3143.51","0.0","2973.71","0.0"
"2020-02-01","Haryana","6","Panipat","71","0.0","3397.45","0.0","3197.82"
"2019-07-01","Assam","18","Golaghat","288","4817.51","354.0","4817.51","354.0"
"2018-02-01","Haryana","6","Karnal","67","0.0","2795.55","0.0","4027.66"
"2019-06-01","Haryana","6","Gurugram","62","0.0","1656.55","0.0","1657.18"
"2020-08-01","Punjab","3","Patiala","41","0.0","26179.17","0.0","15042.81"
"2019-01-01","Himachal Pradesh","2","Bilaspur","15","463.0","658.0","415.22","599.8"
"2018-03-01","Madhya Pradesh","23","Narsimhapur","418","872.83","3710.51","488.12","1814.38"